;pilesize14;pilesize071
0;24.233936138953062;25.562243318253756
1;29.39993617924095;22.91301563378119
2;36.237296120391846;29.025225749139093
3;21.639225898273352;23.643108004855222
4;35.81023912942008;20.86910525020526
5;38.50828719372956;37.19696523751081
6;37.498183597926634;34.5924536179291
7;24.272149018165763;24.565323879351393
8;33.190716961527386;19.08257977529879
9;22.168272565869337;27.30256583221481
10;34.53900660235424;21.99760546726115
11;32.90914955051995;26.09484911110232
12;40.64198972927492;22.138293471149765
13;36.654210080427404;29.217657112275187
14;37.3219616982603;32.311103593208266
15;39.08826557946869;36.39815719382783
16;37.950697706687045;24.483717054277264
17;34.61114985003539;28.927786816749347
18;37.68172813082307;36.880420744394
19;39.80364406341086;35.63166060430809
20;35.52697895723178;37.926868129911156
21;37.00939102212925;32.36498606218902
22;37.11092228695292;25.388437003944997
23;24.63145104553775;28.05656510678125
24;36.42039046638645;32.94309373624385
25;35.659708638858106;38.362523831065296
26;36.77845392858736;27.318317633147203
27;36.607441055230865;23.706719335511398
28;29.59662036946084;25.606320397133906
29;25.19678058039596;23.855078730806312
30;22.94926554042008;25.310307486665295
31;24.88803968651461;28.793042027448294
32;37.034511855419055;27.34434923563553
33;35.787539352953495;26.985724019079953
34;37.4272832412824;35.971537896043976
35;35.157567876948264;33.984641056598925
36;37.419586628820056;29.39722084257013
37;27.63772355372181;25.375357382498937
38;36.846691750486926;22.13983971424455
39;24.81240419887689;26.619947618035145
40;28.285750489930965;25.579214970325165
41;26.05196105664213;21.1458907863451
42;38.224547851664276;26.544204792280745
43;38.29823956512912;24.451393076104136
44;35.010979322694745;25.30373467811153
45;23.620745451065545;24.44906332372219
46;36.977687919520946;32.17488492368021
47;37.273930758854966;31.152788682423704
48;38.349511520084455;23.77137084883718
49;37.175830362799516;22.304126271969828
50;35.339750120998644;26.51209075741293
51;35.61219141833509;36.51505236264781
52;39.184812190460974;28.265667283202827
53;33.54490433302259;25.30574684008471
54;36.49555214141673;30.978818741758364
55;33.99876015495392;26.224316390823414
56;35.963198174638606;31.040745034266372
57;34.99101462551476;29.34232182230332
58;25.327791865949294;29.37269495129908
59;24.1069395912454;28.48130109603006
60;25.16700684538231;23.801629044744026
61;35.63516640013476;32.2322413635636
62;25.369523087176876;22.248369760750098
63;35.863386053702165;26.25019788408881
64;37.20022702688812;30.930460091343697
65;35.992191771429425;25.61622594698906
66;24.71281490266293;23.399618417185117
67;33.579935676898934;22.901799195730558
68;35.88979739150561;26.51199950375698
69;40.89229051428108;25.632900046923666
70;35.1413570631614;25.23578069739653
71;26.658829447368447;27.483893592959497
72;37.66855462843968;26.340844748174135
73;33.502814011827;26.095745357925466
74;25.327562420852743;26.113920675880237
75;26.24205966520583;25.006589798575174
76;34.12896724046835;20.03443750396431
77;38.59455657783847;35.97138694685561
78;24.70833618938069;24.164941629683987
79;36.77171192243754;29.071276670968693
80;34.395147601694894;33.52297512303564
81;35.699633345437974;29.52554398128805
82;38.20935848697615;20.137780189436107
83;36.333425837296595;29.559649488548068
84;33.647033139656315;23.80555890563442
85;33.38821392856383;25.074725683526623
86;22.802829206737353;28.878447378292382
87;29.3544929761289;26.80657781881377
88;33.60327208468059;27.40255511863845
89;36.10995336405;25.700124031204872
90;37.15069819772005;26.723658450650728
91;37.833267191204264;24.718961681286057
92;39.14361766360304;23.159418785679467
93;35.55849838261828;23.242275227631115
94;26.382367818688934;28.049494980568458
95;38.22690293943254;24.78819521231706
96;39.16874325893346;30.078586028529536
97;36.410790983321355;25.858119929658873
98;37.54349801970079;26.977428365456163
99;25.04461694891421;26.424491195207082
100;37.271101900271056;25.24166288012384
101;37.70706590028851;33.42150638854735
102;35.29186241874465;37.79154902617181
103;27.673509334802716;24.614980804561437
104;29.44751240675723;25.66603505652447
105;25.400955854962998;25.021751770137378
106;36.043794521470694;24.40802508577315
107;34.604396178084;38.53794210767056
108;36.317793195952156;37.64877475858197
109;35.63314262604916;24.8117791685079
110;25.57273139622635;29.067687702322658
111;38.21628838948507;25.733523139521132
112;37.12244695354135;26.043688337346403
113;24.380415320382028;24.21943628018173
114;38.632095838298;24.790496160668628
115;27.670597074157723;24.477140676023346
116;37.61209837604071;22.874920486429584
117;27.17508103867963;23.821776953220184
118;26.166799647788437;22.57771346928947
119;37.41586346995946;30.992048874847228
120;35.367222476226985;35.936174978073424
121;35.78625361989802;32.86878468962838
122;35.744420508419864;28.875981118730053
123;25.86768466187307;26.93560146320643
124;25.3935239642707;24.536704948042278
125;25.903288121857997;24.994307506140526
126;37.23204904385838;21.32350954076574
127;28.462180611919813;25.899836013253854
128;26.237085164016726;24.22671711717924
129;31.613689327526277;25.556652558483616
130;37.03699796932624;20.806514681283655
131;38.12764062453805;23.782313661170924
132;22.21682515634456;29.13012776453115
133;25.55131085452398;23.312626765585808
134;25.779204639257586;28.08472363604378
135;36.48345401207948;30.163858180896824
136;39.88502660865934;26.902201268057556
137;36.58686396274643;26.38509213914292
138;34.92987710883291;30.094715528745798
139;27.818135556932877;22.58431167500732
140;22.165669196755285;24.490311681592036
141;37.12125931719185;22.825805278014926
142;35.19548812873647;21.748240213604394
143;39.01805535609946;26.300080253318935
144;36.713773535756;26.883706996570744
145;22.017392100822857;26.307021879918977
146;38.93082727657478;24.388974926382943
147;31.714172480190957;28.190779601020505
148;34.97680922611872;30.230653461042696
149;34.7950101057432;25.60539275725767
150;31.798450603383255;22.78473367101024
151;36.411691326413425;23.028639865272854
152;39.09740449977321;21.45356210078548
153;26.752497513812244;27.025742098516975
154;27.48631271290699;24.73142308573517
155;33.905139511791084;26.792183036970673
156;38.18537750277677;30.147267832652208
157;36.98283092488967;24.958288741345847
158;36.81966159756031;31.078443969982096
159;35.658373755954116;28.269691209016496
160;36.87181950144991;22.771263381886243
161;29.642642481775;22.957783801139858
162;33.13759956476387;22.706535587299488
163;23.607650320466863;25.476973639715293
164;33.8139838044821;28.711865731400305
165;33.19068080764253;28.878267921011652
166;39.57497124493289;23.97559778039345
167;32.80893584526034;21.682829294113166
168;32.79916140188474;25.776709861644754
169;38.19506098295143;25.57828025145048
170;33.97812890265616;24.360587569969596
171;33.63617329360457;26.509284766988966
172;33.41618815100874;23.93465611777208
173;35.37188994447639;26.501250710175196
174;36.406558620410145;24.750831777253353
175;24.98594894946745;23.410785083254503
176;33.205159686737915;25.255693825852887
177;31.672369447322886;23.71215089909069
178;30.31811598764884;24.33362196122047
179;24.46808189608859;26.639474924099417
180;40.43027959592608;26.39076929096519
181;35.16913029986657;26.410898291360617
182;32.75806261042737;28.804836930843546
183;30.206781056784504;22.49460240854646
184;36.188593441248784;23.99644775719495
185;39.83031951108549;24.07327209056358
186;29.569173741834387;25.868159236441134
187;32.958610170256804;22.611683264579842
188;37.57591474864658;23.527409755736016
189;32.78718161341383;26.4448133776689
190;29.687962896667553;24.87595809411848
191;33.664562396265936;28.94070258169328
192;39.03587693898536;23.322910508138268
193;35.79253122499216;21.351243941111168
194;22.889101124133678;27.56597496236377
195;35.00113100309055;26.459014558440032
196;30.451265128689936;25.019734967930056
197;31.316585545017105;28.1610771751368
198;24.762743491535737;23.705102873756264
199;21.874899907114436;20.554124016062456
200;37.776504955291934;22.84042867871479
201;25.709906163065504;25.56594069983818
202;37.042417920613765;23.434823453729404
203;27.416311639686764;27.744369665073563
204;34.415124031996065;24.083862237295065
205;36.33026242434927;22.746272993059662
206;38.126380999302015;20.815684931465256
207;30.44734356142354;26.50808206615206
208;36.69865561163901;23.59246107159817
209;34.7597520621795;25.490804857323784
210;36.37868219349817;24.55442445266563
211;34.068360535002796;26.906977415314653
212;27.303790076806646;26.183931111977195
213;31.695697456281685;21.8048146240423
214;27.51027771867515;25.410625822870074
215;35.840865599621466;28.033062145922848
216;34.16925595388966;24.306968846505093
217;31.604388014916207;26.49923929891434
218;30.83564841139415;25.24578814948777
219;27.901923186876164;25.017900479208144
220;36.350201325736755;24.589128597558553
221;36.21693314414816;27.437191328706973
222;34.64808962873219;26.44873440660013
223;35.12633235500251;26.428976860305504
224;32.8588655725126;27.439070602438377
225;32.31032293554406;25.531391875908195
226;31.771620767463084;19.173144779931754
227;34.69384198223982;26.542139743920913
228;23.411420289381997;23.937656157840458
229;26.524189090888413;25.319765070001704
230;41.64626180298727;26.815162216189197
231;28.78820946880609;23.00727110452702
232;34.22387984039307;26.809797587571737
233;29.529876002250653;24.136136992159106
234;37.20992716875211;21.813673610355554
235;29.42442365777298;23.186012048767406
236;30.189138860107796;20.588308205302834
237;26.995289956888307;25.766987213463988
238;35.93734919893026;21.685811480357692
239;29.97126363426418;21.989889857477582
240;28.834915825951068;22.382203499703362
241;36.217909821845396;25.16344223097043
242;30.300765363047823;21.89423197582165
243;27.87615889432309;25.270430084316448
244;34.03476866721639;26.529792905562587
245;40.27763403378331;24.164471489854023
246;31.354887197275733;30.301219660034658
247;26.324526660611426;20.476801100772132
248;25.768100324845104;22.52820121236705
249;31.271116992448512;26.237063446766523
250;29.918948110744264;26.2021540020918
251;27.07364457862729;23.34324164163383
252;26.829400373289847;23.812376319567544
253;22.00829122762376;25.559495476236073
254;36.98477417000359;25.860864020934642
255;37.737730217566956;25.363325662635745
256;33.2041559466752;22.273506136485558
257;27.314455629629176;24.399437598298242
258;31.675778388188725;27.03761084364941
259;29.11807828050026;29.353170863046852
260;36.772744716841856;23.422788119136364
261;30.6315921028856;26.818352204414264
262;34.87104479170285;28.146241736716494
263;38.723001616717646;26.059423330209636
264;26.34609859605407;28.078464758275828
265;37.22487651562969;37.097593659168496
266;25.78938650970295;25.51479060247291
267;25.662688080815453;27.414823064160103
268;28.500479870972956;24.758655073544368
269;21.885994905879404;23.811045235061638
270;34.59848792621051;23.97853877020889
271;33.0270114179569;26.376807619386287
272;30.25465808291091;23.82302207145518
273;31.33306455742221;25.20910865378838
274;22.30387814673954;26.472630460229134
275;27.35361550502022;22.5039210257088
276;35.38259917334037;24.443646322911192
277;30.744109286221477;29.720371583604454
278;40.594794230057;36.26678123450717
279;30.059195564149476;28.499821433226757
280;29.715461080299477;27.861208199470884
281;25.35804491160114;26.308214065125668
282;29.051822327546244;25.368442565345788
283;37.95974771027849;28.528436669845846
284;26.18478598296684;25.44945181171599
285;35.90499228812023;25.04020555469106
286;31.903398590217652;25.466389494224934
287;33.89852993821612;24.37001812638856
288;32.62861178044352;24.65450597865911
289;32.823748812208656;21.936190992611195
290;34.37415763341776;31.70496635190276
291;41.383947694964476;32.068010921985724
292;28.380481253433675;26.40913297367276
293;37.54908666909437;26.052636694072696
294;31.571115621350593;28.28375484623849
295;39.13938758612402;27.35074210285586
296;36.71539467480338;27.659834552277346
297;35.59362898139023;29.762571775433205
298;26.3349111577151;24.37005502898293
299;25.689179836532215;27.2758301270652
300;28.707904749167728;26.72994833872828
301;37.048361042262954;37.177355704310656
302;28.557227323898925;24.312164424661884
303;37.4917187784807;30.335872967715332
304;38.90879729249161;33.82127169136665
305;39.53620965000955;34.83231213597232
306;35.08455442936649;36.33036374062896
307;33.93498436300206;21.101795806954513
308;38.68072751937402;29.509517530176694
309;26.92560919584474;27.768926649267218
310;24.801187247680833;22.286598717577704
311;33.83453270335378;27.85051118097949
312;23.844823505003752;29.444393750789043
313;35.129856529180394;25.802174738364908
314;22.928378459891;23.260264402970773
315;25.332278469666676;25.652171769548985
316;31.407097335473296;25.49239768957638
317;37.82894870405085;25.3075187330977
318;30.042821409126386;25.281004712852866
319;32.515827726457246;29.042566523727714
320;37.09001190137822;24.968136833869846
321;38.730320776800845;24.40088786695046
322;35.08078199085137;26.18291723268297
323;37.11397267975311;28.406673378917336
324;27.2182221185154;25.921851334963154
325;38.257885862186555;23.54016988376405
326;32.09037157729456;26.029903504786894
327;32.44459908161909;23.077285060356417
328;25.51892999777384;24.97003364435388
329;35.736710437872624;35.002889513990795
330;36.70613496107292;33.32063524926585
331;42.08052944512322;37.23240220406864
332;38.47759505888836;24.38532876214844
333;28.707845023781463;26.431441912878185
334;36.77138290623702;28.83655301942627
335;35.15189862150771;26.371653695981262
336;38.68078017830792;27.533165024293766
337;37.83682155689025;26.43849996174984
338;36.2523682904717;27.928076931148848
339;19.59182273105211;28.831921650779453
340;35.01346363757283;23.134536899036366
341;27.989535571824447;26.648785722717104
342;34.25124900946589;27.960709856076654
343;30.079337448539494;26.64672976981545
344;41.340109598349514;26.541534675704064
345;28.3615922162895;23.9166594397838
346;32.4075176597391;22.723592951178215
347;30.884881269431673;23.995015710397617
348;25.7430027359225;24.830067302269214
349;30.683211545512982;25.294238133981327
350;32.58710016748502;28.33621722292393
351;35.005802499847405;33.55302689421595
352;39.74400697017391;38.46432912947012
353;33.228940214993735;26.793438592594576
354;35.449214210834995;27.428979760863943
355;24.674479451026635;24.19419965252916
356;35.17483740213916;31.16611935724806
357;34.05107934321321;23.887580004657647
358;26.478908955291665;22.50504872266204
359;34.47680857321826;26.48200938365099
360;35.11093055075714;36.3426063541541
361;34.29189629053767;26.384955224891506
362;25.272573291820223;27.406741189097968
363;23.55273134800503;22.321427142491586
364;34.86882971517855;28.121222379792428
365;38.53327876147366;34.550918185600615
366;37.61190420616876;36.501178524846864
367;36.36664353781291;30.179101589552104
368;23.952723044786705;26.31103315230457
369;32.534964641382736;26.83156385605825
370;35.35352821689247;32.545666579275796
371;34.08774624886849;27.37204670116834
372;25.706718478421063;22.98737144107378
373;34.98628117220544;23.19870593048686
374;35.294553064322756;28.506375006540065
375;30.52005208910892;28.72061662757941
376;27.5036905767913;31.294251313449344
377;35.16723053907352;25.130539143328285
378;36.765616082026774;27.212786141613677
379;34.94241527374925;26.007252757485976
380;30.87732468872299;25.719766799355924
381;37.519745688712156;28.22878071471484
382;23.81446183201371;28.572891708089564
383;33.1070149440796;22.507812882994045
384;30.538233569745408;25.617244110293758
385;26.24277838277566;23.158644753198708
386;36.694515115137804;25.06758234515296
387;35.74500179073236;25.430814619180218
388;35.815256660121875;25.814975462477047
389;25.797119996193906;26.674845210896837
390;35.97517862944593;25.44798141690065
391;36.13582806644743;23.535941856046232
392;34.029813047562016;26.94978880535886
393;34.65616869621637;24.904375800393115
394;38.806417990805386;27.538576292260743
395;27.031706691896602;27.221535765097038
396;30.690500374928618;24.603405567462012
397;35.08740684869927;25.24393529793718
398;38.77794348815127;24.57297563916125
399;24.471104016065425;25.95221111067859
400;36.3058059112257;28.025031061132626
401;25.078825388685104;28.699858866141405
402;27.23611906651448;26.929040556718714
403;38.421558868095765;23.36164651400938
404;38.20890943418745;26.14372742239308
405;34.319187556944506;27.05557345123586
406;39.17643420385133;38.56137420715726
407;38.21765892527652;36.47190764392402
408;36.78594886764082;37.24217892317528
409;29.361269272464714;29.65487414588407
410;36.41263410315354;26.314227023824145
411;35.50971816687445;25.703709503699635
412;26.12982799049225;26.060448726275325
413;24.698282986174693;25.543221899952247
414;22.860330929848445;29.45020943712774
415;35.678689441775134;26.418447038978016
416;33.78978402343209;26.72398114162468
417;32.76280632049946;27.09140392285192
418;31.162610501804615;24.95001411145005
419;27.149199072020906;24.231131025630713
420;36.17162859987278;25.182400919793736
421;21.393375033932184;24.93766617012481
422;27.300043274351864;25.917709397262616
423;29.820960549936952;25.824169899613338
424;40.00794911075271;26.156739463293743
425;38.04253725308759;26.650919250906508
426;23.43307171126947;30.692435173140915
427;23.89124081438202;22.7266021868785
428;21.622524986039608;27.15466149890097
429;21.99236701446059;25.293077479873162
430;30.47541443975927;26.749966915641348
431;25.43619773751164;24.805037103962523
432;28.712682448961036;26.868987514663228
433;30.908117283916898;23.185812501742895
434;35.953710019939535;27.026891425547543
435;35.92013507694664;25.460786143116152
436;21.677990255918623;26.006039137902544
437;36.783186029013926;27.582162311674097
438;34.93929458891728;23.495794545317413
439;31.735227789191956;24.90254957153818
440;26.69053301868759;26.542436205992797
441;33.85949072184828;24.883755014095943
442;37.096942571070315;26.511292356887456
443;28.013177259567435;30.98810847010417
444;21.82885626990027;19.628796961764785
445;28.58331388346953;25.515578971203194
446;23.976455403166852;25.563483903761743
447;31.002596697073205;22.32642261822375
448;28.98851980025947;26.366991218758752
449;32.76242073664128;26.52672656598447
450;32.25843926967742;24.477778723307427
451;35.41370492777633;30.159991115786227
452;40.01081240343521;23.969254788905285
453;37.69665719895088;24.12397105753209
454;35.43414034401952;27.001092310891757
455;25.670422539820382;25.01920221478086
456;37.47674229290595;21.72793727852154
457;35.682930461863386;26.78133962221656
458;26.207562541672154;23.22963400260453
459;25.10555069650741;25.693262670534317
460;26.87853196113564;24.151889586187433
461;33.30374284680596;23.691386181808987
462;27.571940521831767;24.271434029395078
463;36.415405507382474;27.10183503501713
464;30.744610653292305;26.386445886272163
465;22.516414822332482;24.743282441976277
466;35.45654420781981;39.78141371995403
467;37.433343953534965;35.79167045218097
468;30.902070125222934;29.074450270918085
469;37.148789735212574;25.912281317361163
470;24.00056260787439;24.739302066161343
471;32.032431191661544;26.400637417066093
472;30.146776799653257;26.965843794174244
473;26.614738032541833;25.920811248590624
474;31.00992365334442;25.917025285458585
475;34.403946785747344;25.595254888478387
476;34.64661607586068;22.839761257451574
477;32.4703276181662;25.431634019660137
478;35.399456379906205;27.76854026750875
479;34.90364488016561;27.977660783753954
480;28.637266368042862;27.89535333595335
481;24.213758183667036;23.221262389446338
482;36.734271276341474;29.74473105324218
483;34.11271369288352;29.950965590266144
484;40.8385396593947;22.9229843772747
485;33.69543173105235;21.79543949289441
486;34.86805460247143;27.442350587986468
487;35.94960186999893;24.22488781766079
488;27.19972190565536;20.89779627656048
489;31.541202015775703;26.095241602780124
490;25.84954636734547;22.639980784144445
491;31.683624067055987;24.215943953419757
492;34.78313362482607;29.410136970966345
493;29.08229826953825;22.398587363476246
494;27.652502390338125;26.28152802240488
495;41.49902057191415;23.946260941446987
496;27.1464591513766;22.327922246203098
497;32.527636744353714;28.180436870007696
498;28.333774156990305;26.02000761030901
499;32.19484516096945;24.0484911183369
500;36.862751370354566;26.7851149426575
501;34.677664668255034;26.853821957282452
502;34.58404313022635;24.038132195529954
503;29.123707427351242;23.935072546387694
504;29.85445104469024;23.848228840879543
505;29.211615334979772;25.942431206925992
506;23.240789287858735;25.00921364809579
507;31.982875797465177;21.750282851967597
508;23.423003990658167;27.435023415317435
509;26.485529179704614;24.277862872905605
510;33.0203081527839;29.583324027831754
511;25.489654784830844;21.452852847287982
512;24.68252152432034;24.99321118733527
513;23.147562737786988;25.47025079494224
514;24.763376674069743;27.00304477389593
515;26.531217855352207;27.57093482291853
516;29.52965784576826;25.690621090187705
517;32.06874282596998;26.489727374405913
518;25.624594954244845;27.33750400904875
519;30.87987412926211;29.44590247498498
520;31.8763983617299;24.318707671012074
521;22.732317002510875;25.254204527676237
522;28.593416714468795;29.407419518765355
523;23.8971805267224;24.289646603562556
524;34.11803536852438;23.78345866461932
525;26.885649346034057;22.37003423653642
526;27.273822233417572;24.462156154855997
527;24.152950817792764;25.913695407627092
528;30.490492302295323;23.639021346176563
529;35.22371878560248;27.802046357412486
530;35.29227916288396;24.91177136150605
531;27.597058121022993;19.7403101740718
532;28.47195175466044;28.355421949089678
533;34.24217400015975;24.529865471878704
534;29.120448177451735;25.805662700460875
535;23.363760088294384;25.5770674456471
536;34.22492743131451;19.96753059952995
537;27.05109117828885;26.482843277274487
538;29.72197878385805;25.305317056140957
539;34.86919365335414;25.296635254342505
540;26.79944158859223;24.43727263473738
541;26.348955727242128;29.538420687302086
542;27.672364254696554;23.671005550269562
543;35.31398297563228;24.029214429727034
544;34.04027211822995;20.74226989385521
545;28.71235803192028;24.42486070433102
546;26.66006001850294;30.465494819386024
547;37.73042299564449;25.9518974828171
548;37.531031221335255;24.61358757206315
549;35.90890997948591;27.007896995792123
550;27.721191079600143;24.38508602290052
551;30.4549531796044;26.377434902956242
552;30.620988530266573;25.538535743227964
553;32.269095943612825;27.497270121442007
554;28.30374924766054;24.283845654212392
555;24.873374934509577;26.936695260250698
556;34.605968071021195;23.812172905559844
557;23.07184643949835;25.118380685132962
558;30.413761773237912;25.539358723365186
559;36.7567721704405;22.95994696542912
560;24.727818344509817;21.007628557189705
561;26.921774672975275;22.076042461120903
562;32.798693267327614;28.523543223525632
563;32.22107389703105;26.958694774836534
564;33.434605846924;23.043770625286843
565;32.47640793784956;24.994482639101516
566;27.030123618744952;27.87239098944574
567;22.29017590974778;26.31714568638713
568;34.49580267565211;24.689263047744284
569;38.37404393475855;26.18489572212079
570;25.926199724928406;25.831296036513347
571;27.355854507324445;22.96874312014813
572;23.070348199083224;25.38870686534125
573;20.070231898120046;27.229537561975103
574;26.288085895061553;23.011578480033016
575;27.91035918193469;22.3756132188145
576;26.846826174862272;27.29792744766293
577;29.5177217675097;24.42713695324113
578;25.331554150791625;25.959605130782435
579;22.50522018113378;26.454105023159524
580;27.49313147944309;26.358477421368004
581;26.243382286389632;25.117234762909813
582;31.067446150164198;25.37822017345836
583;32.4371598884202;24.111449759358127
584;31.80184858870697;23.954061120656984
585;24.6881281919528;21.499997303168687
586;33.4214790278966;25.459596793946115
587;36.20852568287712;22.16623377042443
588;25.19309564127436;26.620049961890267
589;33.759953864378076;23.24843879174709
590;26.06730875617158;25.54319265757861
591;35.67460041507193;26.736181125784608
592;31.483584389600434;28.042583562033457
593;25.096499192364696;23.65530136692724
594;23.760888374636885;27.359566697209974
595;25.43755450379548;26.347775996400863
596;32.83957695940566;22.357915269473928
597;27.399899340415633;23.158100986835297
598;24.78150844015148;22.072469386453168
599;22.045443073675056;28.277959416221165
600;25.478892702142687;29.711313520682065
601;25.9691494915476;24.943473883113505
602;28.632547117746725;26.804843224207104
603;24.025203240489713;25.047676875477933
604;26.722031951702885;30.02243287974638
605;28.83161852067206;21.65358368777128
606;35.60147399412822;27.292538748198698
607;32.76303270090043;28.553700837943175
608;21.7453506477197;26.950425175878266
609;27.207181762802467;27.340436691222163
610;30.947781651572914;28.133935185950666
611;31.8413694673217;24.92366124696776
612;23.958631895855685;23.178243891036907
613;29.913525394749986;21.018395318334772
614;42.72046664696004;24.912166873071683
615;25.75433487143434;27.228184262577233
616;36.19938074566831;18.87561299508117
617;31.37335600073394;25.943746002248723
618;26.66139733946159;22.53339053794096
619;28.573488728481017;27.029781966049722
620;38.256705121608036;27.04907459003075
621;22.62928819522582;23.51416139468294
622;28.87122912453652;22.51332764104736
623;27.484332187913868;27.554716576259757
624;26.01497028680631;28.243579267678463
625;22.855295403450665;26.461611141737734
626;27.521181960603386;27.747124742145875
627;24.491345938618192;26.00765653811512
628;25.58261163127143;25.871100903279082
629;28.162004740828543;20.458663394267866
630;22.84057972831007;25.800213051341714
631;33.32940062538306;26.35096578153221
632;32.312761388505464;23.986697033129364
633;24.585539546287258;22.880755910635067
634;36.084796404363914;26.357680200630913
635;33.48094348428543;21.439839916859153
636;28.077573027212672;25.241189263265717
637;24.00668872213683;26.13970451291187
638;26.0651176807799;26.38018755792112
639;28.198854858979217;20.17291856524756
640;31.27786033760062;22.646821817771688
641;35.16556403726702;25.32591701370148
642;25.460369675328394;27.156227475643043
643;29.40107973096871;27.149483954694297
644;37.88152540272238;23.905399888810873
645;28.785256866011995;26.03069313597284
646;35.83176728900494;23.065814591768337
647;27.659382926004245;24.003755291869865
648;23.42052630949213;28.489318954066423
649;28.237199690811927;24.90258903777118
650;26.735955564554605;24.117435192276645
651;24.834567348884914;22.40716482541356
652;34.16556014351168;26.250201506620446
653;34.118615429778295;23.3266464274858
654;25.433187570752548;21.93069653351255
655;29.499064418597147;24.48178437223317
656;33.18063528327731;23.263046819788542
657;24.253446389656766;26.952306112665152
658;34.20042326505193;29.139088408235448
659;24.025150736749122;27.57136027261695
660;32.268806098750744;25.210096317815605
661;25.207884253578065;27.482554759656715
662;23.982108862267726;27.975876104781438
663;25.070591966723526;25.021381914089314
664;35.836892247815825;29.895993600826515
665;34.31530207845311;29.915911578184556
666;28.013178027588438;27.829638835131192
667;21.855227215574256;28.03227840320728
668;29.380977360937393;21.966625134436608
669;24.61850995473744;22.60579051439704
670;36.16643461177901;24.72436388409687
671;28.027330453832484;26.05421835145996
672;27.406100866613297;23.85383882409814
673;34.129192985407386;25.31506186523859
674;30.91062401341162;24.18201284022977
675;29.340009830219937;25.541080774865254
676;35.77445030170667;24.102016560847886
677;36.651887241891615;26.292555238187614
678;27.313083227610395;25.323872326760146
679;23.24095755470456;26.772994582404213
680;22.795608550159397;25.143189175354458
681;34.16055273433851;28.4258007778657
682;28.358858840497913;23.760720875249046
683;35.838990719180245;23.9515479402823
684;29.235339819173443;25.054083735165495
685;35.949135377310384;31.927512036272276
686;34.22147471057171;28.370523770730856
687;26.506901198725032;21.98585999247939
688;25.074055813292357;25.652880348263587
689;24.64750911480088;25.689028043314888
690;38.7392341482995;27.39018809068697
691;31.006514464781198;21.387548160872157
692;26.79743986094704;24.932733370258394
693;30.658692424217236;22.548511685901467
694;30.299634988237923;27.700303362657074
695;26.347990284221336;26.990197800228945
696;34.38329221610069;26.596534509964915
697;35.33843226027255;24.785410118334948
698;35.62810481648291;26.973707611284915
699;22.19678019263937;25.88577427310872
700;40.09737005224787;25.205757495084313
701;23.9904359279848;22.3271598484269
702;28.05192260163557;26.623136723670456
703;32.72829924388578;23.02531000750131
704;26.424937652856762;25.999134915519235
705;26.520309000515496;29.503983304938085
706;33.78527022961312;26.73768821028159
707;22.911988575026022;23.33590884101243
708;37.551937202002044;26.0917749003407
709;33.48277875780912;21.050415708499173
710;33.19460242798871;25.230736312695377
711;29.927203688216398;24.249239737454673
712;32.67392660737005;25.70171877995483
713;40.14463006022903;27.263804160041165
714;18.778432903628893;25.875433287408384
715;28.267461385199848;26.914238512991616
716;33.10623021325836;24.819018406183737
717;24.914197926990628;22.679774998707106
718;33.48244818126516;24.147176799403322
719;31.249553143304613;23.324961960171404
720;32.00309994116979;27.47908539509635
721;30.140872818506764;24.452327215077535
722;38.373450300607196;27.8021418728456
723;25.30196821480702;24.321517057854546
724;35.033551658615416;22.483068129395015
725;28.91808566299791;21.921406455762494
726;32.1585285226973;22.125097311917827
727;27.87128529220762;27.60189197980723
728;30.865103160688946;24.965188973284537
729;38.138025421502206;23.026990057089556
730;27.26549961563562;25.07135563582897
731;33.886152290350026;30.57107516506119
732;31.83137572918111;25.980762428398158
733;32.32253110580478;24.028549606158307
734;25.88608681677591;26.317890416443902
735;32.26300973950524;28.39248033137905
736;31.404586247297317;23.56474848112711
737;31.936880731912975;25.91709459989898
738;27.2824926096198;29.56667198266717
739;33.857503644607675;25.7924370980978
740;25.238474874702565;29.02739343246818
741;23.443963670272076;24.51533418772408
742;32.22291791232389;25.20711116320075
743;36.254333883090176;25.189490124231117
744;35.220815373911805;28.175423265359257
745;31.417436199632025;26.066509255930605
746;29.07590179182249;30.696758690628766
747;29.31446539495188;22.60212319300457
748;34.03951706169143;23.52431477626665
749;22.088228096277135;23.63247118595943
750;21.013198761861457;23.62070506065872
751;33.10579497588891;28.054631879637277
752;31.5154337739829;23.37317496188399
753;33.487985987291765;27.572357651466
754;24.991463654653366;20.718911749139213
755;36.57197033327581;23.359335543354383
756;22.745231810799197;27.302984069983218
757;35.41119559134056;25.06760804933293
758;35.67597396520576;24.33456809571039
759;31.539274106591403;21.321373471274853
760;36.107328692281314;25.11775805991957
761;34.548334814511776;26.46495777188042
762;23.847813838432938;25.609203091076232
763;36.314207190080225;26.79970000958538
764;27.37821301469892;24.256054129645054
765;28.137034360443607;23.40532847916159
766;26.742868095206802;27.38302872477987
767;33.66390231018633;25.076297271006293
768;28.493830890093736;28.343878014950718
769;33.97148014906822;25.89188227238533
770;24.30803870076305;24.636576718261278
771;34.80218007720679;29.40897138746748
772;36.68006973246581;29.70021870825589
773;32.34262994271598;29.238614999984208
774;35.398553926643956;25.09570861483984
775;38.57817093732807;27.942244154588202
776;34.37012849691135;24.972679312430834
777;22.639450404741545;28.00098867875927
778;21.8141239453108;26.341725899152546
779;22.659327600570315;24.752517094560304
780;32.12534744904813;28.858637045777684
781;35.64113105249902;28.399449529979513
782;35.00075377091077;24.15765127245888
783;25.946214673763574;26.810256354124068
784;32.73106364276614;23.450217471447672
785;35.08895866988615;27.306169870574553
786;27.55586886980591;27.12611677499338
787;33.30700723767666;24.206494179143807
788;30.743627752897872;23.991863034221833
789;33.02939535910029;22.58137591355966
790;38.26842119001873;21.091867834486415
791;26.155564270378246;25.7396553980354
792;30.715743015109965;29.346030823367965
793;36.32786710913603;24.83056214668436
794;24.55283893077321;27.31137682227863
795;28.002028839549098;27.319859990533065
796;24.662235254264168;26.980032139963217
797;34.74581522139794;24.759829670748505
798;30.65716352992042;21.392984970879194
799;27.312857505123667;26.478097588313165
800;30.730916687466404;25.685535661026183
801;28.137042279928533;24.300771755229793
802;35.36433017390836;29.779846821619486
803;36.794144077592115;22.40877379836432
804;33.55171248012853;27.390018083248176
805;24.582219803177647;25.34333212361194
806;30.19522741327268;28.71884975278788
807;28.537453244785343;25.268609525528213
808;37.33017048640184;27.35556161924245
809;23.777355579039003;27.886582597476263
810;37.01989586129788;28.391631845841125
811;24.17706189612197;24.178444109666017
812;26.570112587142052;25.872156902603344
813;37.882047984879826;25.20820380096092
814;26.912795017444992;24.193247393231953
815;34.90780094490739;25.00122451387367
816;28.16095946561883;28.092231780075156
817;35.063480032913986;27.715871886608568
818;26.741101945046875;26.171957719675344
819;38.646890376193916;27.70044067898148
820;31.006422565936898;26.474555229141362
821;29.99691433057189;28.467424605185105
822;25.85918627961508;25.567212625913577
823;34.264813774003976;21.910715955908497
824;34.89716182649772;26.793941841431135
825;32.604380692576775;24.37054162328644
826;34.905791438815115;29.713305234176662
827;35.35870092707565;22.907059953001667
828;34.71374902941411;23.604202247615913
829;34.15405169453956;24.6936608297094
830;37.36555723122222;25.04019474624531
831;34.18762076634798;26.960109324890464
832;36.30919426676355;23.122978606418858
833;35.34243188968736;27.255167329505664
834;22.9425627002643;23.579582711406758
835;32.79871125405424;27.342456955098587
836;33.003936806770525;28.286098659533753
837;39.63573599432098;25.70227977081237
838;40.5262369807576;26.228541817108603
839;33.2258491356215;26.4236188630049
840;25.364129792802476;25.530945318203052
841;31.21264895571827;23.155980950003496
842;29.905403385561126;22.19120616956053
843;24.165304947311828;24.40031470647664
844;33.04750647942357;26.21132717971696
845;25.89124720660457;27.463252587529034
846;35.52489949394933;22.0783064701652
847;38.602638948614576;22.948779029668312
848;27.337372056305565;26.140238892385486
849;35.44977670776663;20.77078086122247
850;39.62866108128943;29.21327521504795
851;26.83898160630114;26.386221066284826
852;29.180847844680397;26.984155340435763
853;31.47376803205534;25.820528381111497
854;35.910722318310356;30.492929214304876
855;32.847164948169535;26.515670396981395
856;37.371482566972965;23.486871145173605
857;39.290937786408016;28.30322206220755
858;31.175346212059686;21.837046154728316
859;34.80786920863062;25.449270232322696
860;32.03089452876786;23.596161688845257
861;37.88891144033377;21.36640688042664
862;35.889623514055835;28.001636931622798
863;32.16186548402288;22.821629092460746
864;30.594075284339556;27.40656642937203
865;27.46635655329811;29.445136428661222
866;26.94707774060606;22.498646535759725
867;24.158250374098074;27.632821075836816
868;34.0879522736976;19.416915924995052
869;23.979422573836256;26.3602762862758
870;34.57398133173462;22.700963256075536
871;38.79071889628955;27.275436630985016
872;34.38085730950837;24.620477597088954
873;26.33587315748269;28.51633329395869
874;32.54809987113031;23.979560188904355
875;37.53330534750599;28.282886744239555
876;31.23833015118399;23.21278483176202
877;36.77397461087287;25.885970168591367
878;38.64788385320928;24.577065358411286
879;35.98743786416799;25.78083654586355
880;25.845260033197736;25.418483038504508
881;32.98571617333585;25.59019544115823
882;23.803756373647563;27.07263404269738
883;25.858821412565895;28.433000725085712
884;23.974269322062487;24.414425995890134
885;25.00318671611389;25.091190419030212
886;36.69824578461477;27.974144217916404
887;39.61024014727113;23.120983469898803
888;37.385914690931564;26.00383215037908
889;34.727889157871665;21.431549885154073
890;29.320777000246927;24.0224066890631
891;35.29151611132485;26.897841846345973
892;32.18309117874091;26.782324132594248
893;22.63075718061815;25.39218612846658
894;36.63873463567035;21.79721934360129
895;37.99125379206767;22.75451618234832
896;36.11023491572027;27.722209977718244
897;28.59717275647436;25.490517080698833
898;27.198482263760738;22.84207132758606
899;35.602794862698445;21.74276891994649
900;28.248328007494976;25.693018271330175
901;32.12376375981488;24.94703480766761
902;24.997038001109438;26.930996408730735
903;28.30327878476725;22.95539782874918
904;28.46241849912795;23.931095580866952
905;36.67681439926572;20.219578225613795
906;25.829613410957723;25.25581906379261
907;39.461775037852284;37.888617138747726
908;36.10408992781446;39.06168657519593
909;38.0583398638698;36.164803965646485
910;37.3372127471987;34.34882508072431
911;20.78314573620886;26.525969793972198
912;25.525641923868154;24.335499741722348
913;37.658878364040035;28.086864747175316
914;37.82154670974801;28.34841252846904
915;37.1618242277244;28.840803449203793
916;34.2844266883959;22.279825008917616
917;28.872205241234163;23.10047040508331
918;36.09958746892027;25.967289154899664
919;24.457981652779353;26.123946106618295
920;24.718789719997446;28.165360566948827
921;38.204820219313;19.098251167714363
922;23.609010832527446;23.72756852090132
923;36.54747532925388;26.46964285913249
924;35.487125015095074;21.795440368660984
925;34.31600658884626;24.24011672322996
926;27.88347407248567;24.606236697641044
927;36.46641499877085;21.853825342602466
928;38.48722429064425;28.818372693705808
929;23.849611979480827;26.904360494150247
930;30.529254795693785;28.492053827160056
931;28.743428335407955;26.22955421504661
932;20.235859333678526;25.342543692696573
933;33.16572798639814;25.25511596753106
934;26.210137016417935;28.86446470701547
935;25.438007595843743;21.596494493636293
936;42.117256590551094;25.1362137475868
937;32.880718370131504;26.620941719571277
938;34.36633273720287;26.88107638999435
939;32.06631398690597;26.96092749014054
940;23.1234836754507;25.190187659125236
941;37.068681201070135;26.676378991940595
942;22.6300245874731;24.75616945317253
943;35.86926819974537;25.624099012809705
944;33.91388726711192;20.054395029397636
945;36.83201282495309;28.80321770464352
946;28.88294341729447;23.64729795473796
947;24.495281589762897;25.225733676033446
948;32.80944379502617;25.47564763181121
949;32.016625409066094;26.028101222915907
950;31.215546854027938;24.7348055287429
951;29.525713779882874;24.61028735469213
952;25.02363427529726;23.14662875847558
953;29.958470235448008;28.25095660337677
954;24.47872824821939;28.599702539711103
955;27.730108433650734;25.481924277947066
956;29.657333066214246;26.771961310738345
957;30.116208126160863;24.792659735644886
958;34.666841902265574;26.50716643671837
959;27.90403549741948;23.002663634639177
960;31.177089770499535;25.09131586341819
961;25.99350824854992;27.690491044117106
962;31.285442397989982;27.733418134556764
963;36.836830687541315;25.858169784912782
964;23.6783988285585;29.989140144858673
965;35.02349958770571;24.267806350153762
966;35.76011077083802;28.400651998914938
967;24.72315872925637;23.056168660033933
968;24.510242609789913;27.393754925429686
969;34.65788728186545;23.421929698324334
970;27.667592080591604;28.60210428320837
971;26.244954103341467;27.242865407188727
972;36.783133366506675;21.77503089440856
973;36.11504073027858;26.065836980633538
974;36.09109028859134;30.874607729577107
975;23.74242628679739;23.586983508545142
976;27.64296191685763;27.694192149933137
977;40.625217134525506;26.28834402283935
978;23.976660274597332;25.341041087760775
979;37.85026505415985;23.67257317014245
980;36.83104876931198;23.771121378551644
981;25.68119935056063;25.113514469807384
982;35.406089818975786;26.454783942946587
983;26.544264354103404;24.152587095595695
984;33.273848690544376;23.44237452824993
985;30.778725430966485;23.240379842494953
986;23.92921837881796;25.243775873750295
987;35.96695127719533;21.014091570929004
988;34.34110634787061;26.639351866480286
989;32.76678435516458;25.683242614622475
990;33.69617263381347;27.834070160888576
991;38.34875289846325;23.854945573799107
992;29.87756036678551;23.472715937397943
993;29.91866834813008;24.914394112863867
994;29.173748737650683;26.56659960983547
995;36.648650033084266;25.96520754835485
996;33.13600543604618;23.974064302564884
997;24.937950887284547;25.715743286200738
998;27.439966424214894;26.83100492530297
999;24.09899082192432;25.044915534838008
1000;23.78505600965498;24.85740209786401
1001;33.79728806517708;26.22410902287287
1002;30.128068633291928;29.946724494209043
1003;35.768733960602;29.03259410069527
1004;38.10568800807143;23.39149195403355
1005;28.22605631792243;24.51621744589438
1006;34.18341911393964;25.367825066418998
1007;31.404250133990953;25.17970502283123
1008;32.60475456936023;25.382291513971193
1009;37.605965898292546;24.753200929667578
1010;23.86666520161293;25.10862642855804
1011;26.61627138512999;25.375360082171223
1012;29.784697937350685;24.0542134235461
1013;26.664499966521294;25.513658483202974
1014;36.69396866679972;26.18898892611104
1015;29.02032689856248;26.464042549634232
1016;29.580229677917163;26.222129021386493
1017;30.70957871867676;25.04646730230708
1018;33.2524761353022;25.626248145462316
1019;26.94161467265787;26.99415423274153
1020;37.61052152763182;22.763612024264418
1021;37.79990269775187;26.57226680162316
1022;28.383700049114225;24.914491861053012
1023;32.938588027210486;28.682852358107937
1024;31.912969461136765;21.74209897164019
1025;32.80203508784563;22.09533522029496
1026;29.038603590512064;24.526855022562845
1027;28.94267290561069;23.307494475345955
1028;26.751258522165887;22.58867532004618
1029;24.21530516905928;27.476436531038456
1030;30.14556831419736;26.66721483109052
1031;36.620072070201864;23.67864309340262
1032;26.334192072210726;26.06668247629102
1033;25.97300146787554;20.320522170767287
1034;31.799355803751318;26.889278225573076
1035;30.0239015246344;25.150656549105893
1036;26.68092275183696;25.984300169337477
1037;38.384169585890454;23.03377128979411
1038;35.28191628713834;27.683235677812444
1039;28.81309546756742;23.99292125218515
1040;36.352892220618386;25.439393262663007
1041;23.518618568578056;21.535679336247142
1042;33.608450942821264;19.574203587447986
1043;25.76903052835455;23.08404775474807
1044;39.79710413688949;26.04721306976698
1045;28.12731446504718;28.404024282173467
1046;24.859237792681625;21.655492381804848
1047;30.827538005391148;26.309128238872294
1048;32.19956133690245;26.529013511238674
1049;36.35461075995089;24.664534297520206
1050;38.71235883477635;24.383399430259043
1051;39.263801272149124;20.706960471833177
1052;35.695040554829546;23.49274862168513
1053;39.01425468535425;24.26250462876018
1054;35.13161157253176;24.345894536925503
1055;38.42613405417508;29.030842592580154
1056;36.642600555453505;27.667083417177157
1057;35.575829563892505;23.979705531142017
1058;37.1123797083678;26.876880782826063
1059;20.86230655233061;27.545177321227378
1060;24.024429100226257;23.097419501358235
1061;36.51034803442546;23.475246261977016
1062;29.579205387900892;21.504644179991924
1063;31.587436048847245;23.529088339589876
1064;25.671475702656853;25.279852186695372
1065;35.727824802453675;29.76512218926776
1066;25.479713570418166;30.405583335065856
1067;29.430973524120336;24.124231270217805
1068;19.33344905286556;20.029426509962438
1069;28.456265121006147;25.12863967849967
1070;37.08850608973865;22.584080639019856
1071;34.86442225455404;29.36449861801613
1072;26.43599727769005;24.511120535469406
1073;35.489947999802986;23.462951686338087
1074;22.476071617839846;24.54320455964645
1075;29.998992244049855;24.146413946203715
1076;36.43747705717232;25.091105426983628
1077;22.2556892296841;24.3758087694796
1078;27.444410776066352;24.866854266820287
1079;29.207420378373115;25.44037312846931
1080;23.016480788293496;24.81804304876698
1081;23.425172853393796;26.690832426111477
1082;28.645551866025748;23.368958899947238
1083;23.12897613343134;23.548062228171137
1084;27.05327694407539;24.363162792233865
1085;26.736362922370965;24.855242816576716
1086;24.88527863713968;25.413696337707226
1087;29.25202405468228;28.22468679757878
1088;30.69753112750658;25.86613456595636
1089;34.76529558029463;24.438605575048538
1090;34.60591740924195;25.9996629767536
1091;27.27059880556969;24.923402939712016
1092;25.533476331553214;28.262432518622976
1093;24.87867045074597;27.902943260877837
1094;26.420926032916796;29.431033316814148
1095;29.221158175861582;28.259942260645747
1096;33.01836495974438;25.81911411151999
1097;27.341272751012173;22.869231675250496
1098;33.18756807207197;24.505147991234526
1099;30.814698303353126;24.477474245586308
1100;36.21141471271848;23.798579706742416
1101;28.687559697595805;27.197923423320642
1102;31.128547081844328;22.939869026084057
1103;27.63293983435313;24.35595080222185
1104;31.493597182885104;27.777912656347535
1105;21.987482613088332;23.44684929399497
1106;35.54047763622881;24.969149133800258
1107;39.06865091670349;26.076876934686936
1108;23.074838404637802;23.42952779639177
1109;25.725825663527484;22.37730520118151
1110;31.697080227721713;27.639848575811364
1111;26.916847726178677;25.812102315616016
1112;23.479308863717975;27.620435653985247
1113;27.573166629552738;28.297809201900957
1114;33.71815737605549;26.262593173392123
1115;24.837167675084572;27.867080384900433
1116;26.262218309460607;23.534342765627528
1117;26.16093895585992;25.483511223500564
1118;28.36221390821897;27.421795812002546
1119;21.845656868307874;24.458716864215475
1120;24.86172812167738;23.45822272187772
1121;25.307159393153988;26.530441236262668
1122;23.189018544989445;25.683636202993192
1123;35.06853814970558;23.79949316260995
1124;23.56462390695487;24.327116023554535
1125;33.28856030370785;27.261742819928813
1126;24.458907039990518;28.39837471260125
1127;34.30499878426293;27.981321281101263
1128;37.66370449764086;27.685525244420266
1129;27.134827868315426;24.890771313287004
1130;41.24056436412465;26.057846599055157
1131;33.29649263027486;23.549280228679734
1132;33.10641658140531;23.212804626398803
1133;26.615474161721714;27.016700542205808
1134;23.441375398224647;29.59671999264784
1135;22.873528555042142;25.4793543630286
1136;33.37884023121566;24.616976914339208
1137;26.0011009869207;26.476552735206266
1138;33.32281752893323;27.420338948715482
1139;22.493434944070703;25.48227372349143
1140;28.42878061769542;27.12251620187114
1141;31.3862852221569;24.181011573645794
1142;29.38911415833075;26.575047979482914
1143;24.220408993532697;25.165641653457353
1144;28.022061394542323;27.028605379240528
1145;23.44443304429113;27.596917103025476
1146;29.775932387166833;26.28837790437354
1147;32.992113956749336;23.07093324558194
1148;35.869802388950816;19.771117669923072
1149;33.217882826414304;27.17710763969599
1150;33.47207373819388;26.616947010649007
1151;27.30911727898376;23.202406363700987
1152;25.962407935380565;24.950161590986337
1153;21.92603463056699;25.67942945131938
1154;35.26411693371848;26.229924263752135
1155;20.76568109871929;23.049610753432212
1156;36.62898200004613;24.896774435063477
1157;34.940965463827865;24.806898353689384
1158;28.802413612629625;28.879571209166027
1159;31.433877537767312;24.04917724995832
1160;23.021815439893086;24.269575450170255
1161;22.574740205494717;23.977965556414567
1162;26.792688287556825;26.932438848042427
1163;31.072374660674583;29.732331711298006
1164;24.976019255480576;24.99467597734834
1165;39.22077104076363;27.619728011871903
1166;27.368816975596715;26.94261241354586
1167;28.112380563640542;28.233387991898855
1168;23.189092695611986;22.04599725576575
1169;22.276669716447657;23.276820235597565
1170;27.46493464464249;23.462234148727678
1171;22.612840869445026;24.73436573821957
1172;24.532095866428097;24.80215179595313
1173;40.04729210716401;17.84609468234358
1174;28.360196626071875;26.94270720698148
1175;24.513089745603832;24.27549447241298
1176;30.8513129482031;30.62676502024203
1177;25.445358021062102;26.63582598139202
1178;28.5658100059411;29.19636594103866
1179;40.39954578883622;26.161762450522236
1180;32.299932249614635;22.138520138165205
1181;35.26892924713092;23.59761470497571
1182;21.55260524881657;28.856858779561712
1183;39.2131262985783;23.038810312390112
1184;40.67035353232836;23.807116912399795
1185;35.72872904883911;25.37603251941947
1186;28.668584529645425;21.36313560173337
1187;18.603082256837244;27.215695510997744
1188;26.87037208260255;22.99331952651004
1189;30.663318546371404;28.651070550493067
1190;36.054102553524615;27.08675101695399
1191;36.605087139054014;27.520099854931473
1192;36.836124726571676;27.011169843353812
1193;38.227680633289154;25.90898893512571
1194;29.404747065991216;24.806988578588
1195;33.89808569930775;22.06198228437269
1196;29.879770557895895;26.072690570691677
1197;38.27779953686457;26.511927776344653
1198;38.9840845998793;27.328448166272885
1199;28.12055391015951;24.831085143179227
1200;29.281455361479708;24.39357759658367
1201;24.196687410964515;24.16001256066441
1202;39.509810083557305;25.706561587501074
1203;22.99516991424115;24.217716651322778
1204;37.00709471459343;27.684358501862494
1205;37.34346483489154;25.89282571362328
1206;35.09523941964973;25.710844079201102
1207;34.45828915448249;23.418534865963583
1208;27.195556378654945;28.765243441453126
1209;26.531414149528025;26.49126159782532
1210;28.538129514276715;25.145013964113737
1211;28.58627109269851;25.694051660461298
1212;36.6006132501144;23.65022556234156
1213;26.766565226400868;22.697074026142985
1214;22.9861535642311;25.145117229423075
1215;30.444692298567716;26.68923971833897
1216;24.973684888450805;26.127004620897914
1217;27.039904396039137;26.28441552885188
1218;23.93460170617398;28.771235138815822
1219;30.498697874430817;25.251723381805295
1220;30.400306369156343;26.569386780524916
1221;39.671544045434395;23.622869476717316
1222;26.302719507119455;23.251552798611478
1223;30.63550613611167;23.994972104914282
1224;26.212351318418094;25.060466134401167
1225;28.81514216405034;21.78190940523877
1226;25.144593091662635;26.995973115861084
1227;23.82187908308898;26.883312704190576
1228;26.69322099651266;23.87351122449397
1229;33.98180393063366;25.404434357931116
1230;24.71447775739438;28.372863094454797
1231;25.263981546281528;24.08833391577255
1232;33.13135746894659;26.64446302041224
1233;31.2290489352244;25.368628769629293
1234;33.07681357606884;22.18626919924467
1235;24.047763616826913;22.733777183259267
1236;25.636296582644285;25.622950675042883
1237;25.938913823490324;24.23824549206853
1238;27.324473113471615;26.09673085561534
1239;33.99464780293799;25.864188539381306
1240;29.39047712837547;28.067762339065048
1241;29.080143304561723;25.296249733626162
1242;25.889742440962372;25.38914765208603
1243;22.20147136637851;23.842116335732833
1244;24.210439497722817;25.736207969365804
1245;38.55471241039681;24.37451435427903
1246;30.696006999370525;27.021334422703912
1247;25.364596545382312;23.71029294121966
1248;28.012099851550115;22.82927581572993
1249;35.40559780816125;21.636424835314408
1250;20.679044059992993;23.527693808702097
1251;37.427822625814365;26.5999637158077
1252;31.29397330012757;22.141219783469896
1253;31.028430673108353;25.934666267666145
1254;35.93181298891818;32.38703153859944
1255;34.809558282182934;36.289394790313885
1256;30.544775394110818;23.524354819250874
1257;36.58619634311021;27.297055252767045
1258;29.100710809940367;24.226672254508365
1259;34.3880727801158;24.867521887965648
1260;36.290640919268604;26.865282876400716
1261;37.7563648214087;26.521903288216713
1262;32.58045865522753;24.3860408585031
1263;24.740482503567137;24.14293862089977
1264;27.447456269002963;25.699986312918288
1265;29.902913162625072;24.623558549287083
1266;22.89903232338982;26.68400772722511
1267;25.096659798008897;24.07798274814518
1268;24.675758575461902;25.08308150371009
1269;24.090765626510578;24.796210083628324
1270;29.06994095244903;26.021334994179153
1271;32.739600297251584;24.624357375585298
1272;26.5474451084219;23.93096579100545
1273;34.7560686686172;27.718776630624493
1274;36.48748720264009;21.950323652732738
1275;32.13423569022717;28.666050105051095
1276;25.545557429898878;27.358623219740846
1277;28.80292174557113;26.843263870950796
1278;32.96123945615105;24.424556682618302
1279;34.183097445039884;25.721103133737017
1280;32.48520401354919;23.276370723695162
1281;26.802144199834473;23.295071519221995
1282;28.447007288739883;27.872870347532576
1283;29.137789432035436;27.9483162912063
1284;36.85344958861895;23.9243936903306
1285;28.913542841471347;30.878677488625488
1286;35.41204105844179;25.50159079141433
1287;26.548879961647685;25.13685621544084
1288;27.216028828358922;30.045664948959192
1289;37.49539450697694;25.474836644972843
1290;25.951352281845157;25.34116541014034
1291;36.703099568585394;22.91246797129391
1292;22.15401950397544;24.697800044788305
1293;25.956218324760115;26.003240457792813
1294;39.40137871034183;23.313406867642904
1295;29.91335397014257;24.915732839862166
1296;22.580991856490577;27.358959378425318
1297;30.18831264209105;22.16609948345117
1298;29.11955858466112;20.652161515809407
1299;35.18047378820878;22.86612863341436
1300;35.8285996566927;33.68582819038989
1301;35.58322744038996;34.5944330992121
1302;27.37393729238791;24.684894224666607
1303;27.495967232321934;24.140582742953903
1304;19.348466405748074;27.539493985511726
1305;30.817522199345465;23.099131001604984
1306;29.995659642051496;23.909438227178995
1307;34.177699831006606;23.419998842492312
1308;22.990781634183787;22.71663063594157
1309;40.18599134600074;29.94363373227212
1310;26.55202978370098;26.21630708538355
1311;38.81977165442121;27.5490920909472
1312;36.527239740485676;22.623530689187575
1313;30.038923300614307;23.84902594227318
1314;24.71714122196805;22.24072097043982
1315;24.428050994497248;25.90910263058988
1316;23.454313639265056;27.285889120673556
1317;39.75575962774763;26.931297208273346
1318;31.542517608183186;24.115300742207317
1319;34.95388185508755;23.983121419069345
1320;39.372449854189796;36.969978254479116
1321;36.64017114844423;38.87417060923174
1322;32.753146045618436;25.49539438509797
1323;20.73125483873891;28.75096134630491
1324;22.609510707396744;23.920775853660036
1325;23.791053656857866;23.52128932424203
1326;23.181097362320646;25.505067041511985
1327;24.206844412149422;26.437924494301363
1328;31.96971132845741;26.08467590219834
1329;35.924663746849525;21.64710556772555
1330;34.426084921855015;26.123349855122235
1331;38.155072796535535;24.363269751361045
1332;38.58350513332567;24.9846559422144
1333;40.51112829212411;27.70973392556813
1334;22.4390269823634;26.476841759915757
1335;33.664141257940166;23.27321701863471
1336;32.989367126645185;20.750174010236538
1337;23.40897029193838;24.97470192146815
1338;23.265012130243008;29.211038912831427
1339;35.039647931568126;31.743886326848948
1340;36.616899058317266;41.24334248109945
1341;28.14707091626163;28.393843365284212
1342;30.977488206633257;22.257854648416497
1343;26.299592194476375;25.926349758443372
1344;21.539012223198274;23.175388854508146
1345;38.3443549142539;27.31623870386309
1346;24.04022223281701;24.617398430211338
1347;38.87214634941768;25.817117768599353
1348;36.38539297271954;21.68389795650211
1349;25.356524167739853;25.78153404911293
1350;22.66412866213481;26.870683020488222
1351;32.359482751517895;25.771280752222903
1352;35.26550706108237;35.21576918977167
1353;40.04183994284831;42.602073128412314
1354;22.744832222098044;26.867789113731614
1355;21.877121354150376;23.070246391326044
1356;26.75296310804663;27.067267707973127
1357;33.53022914444976;25.629985520962656
1358;32.72567251189164;23.36250342270489
1359;36.82103429332154;26.552461110012548
1360;35.95999807222615;22.668670496632572
1361;25.610738695451218;24.25317378392281
1362;29.11288196406254;28.085222821247374
1363;36.91181860219227;31.715429926163846
1364;35.65858156345299;31.07446334764546
1365;32.58551099498054;24.90550540895222
1366;25.67687900918226;23.622841733550175
1367;21.978742424184546;25.409590168224987
1368;29.109591783796663;27.702707578190335
1369;24.299601434321875;27.328556048424318
1370;24.070811474119612;22.956923331029916
1371;21.441236039243595;25.247102112560345
1372;29.603459698376;24.5578904660228
1373;26.77546688128164;27.959794369632107
1374;30.06602431757675;28.907446186666274
1375;36.63540390130142;24.50693649964962
1376;21.785942733949884;24.295582125529556
1377;31.93907087975164;24.76753869076026
1378;32.629043860911736;27.464141278376257
1379;34.68808603566513;28.588847359613307
1380;33.31788241248787;25.125965152593704
1381;26.357037274035065;28.986435498462704
1382;30.192372561458686;26.0542275388952
1383;32.19344460166425;27.37152560684222
1384;37.46192175551248;35.80907278807582
1385;37.691410736679906;32.42041648826168
1386;25.570154059789864;28.122214929420718
1387;33.63339457644466;26.603020835046948
1388;33.36851625631663;25.844019573428717
1389;26.267941922918375;26.747778671026683
1390;29.503855404069323;27.213194917904154
1391;21.23586359051397;24.006567647278587
1392;27.03926755513309;27.864203244092117
1393;36.43154637157014;23.52515489828143
1394;31.52901324098847;24.24295235885354
1395;33.688227680933345;24.169539308997663
1396;24.154726666301205;22.55522612333093
1397;34.752735733750384;21.287891662203382
1398;36.323458968188085;29.28074358035681
1399;31.615287640546192;29.685902992193373
1400;24.911770588150947;22.698838740730878
1401;30.709669449372086;25.969252230464974
1402;35.35229735301238;23.610338382183794
1403;30.116489382719653;27.683244637775474
1404;25.307116674562806;25.84658501409738
1405;26.235368521053786;25.970558478054755
1406;30.991178675597585;23.571846411419042
1407;39.01883583180687;24.815049550744682
1408;37.5707562180797;30.12531364665238
1409;21.5093020461229;23.58089479424395
1410;40.12542806089196;24.22890849706369
1411;29.207330063582503;27.67733878457992
1412;28.39332039204947;32.308646052972556
1413;28.195531120933143;26.680213649585305
1414;37.00937040496123;35.972661572983505
1415;38.65368141908442;34.78454759395517
1416;26.610061052267742;24.22362013187518
1417;23.929609188312828;22.791161318720913
1418;26.95025335808389;22.41545754173831
1419;22.557977002311258;26.09123754622475
1420;27.83087070862625;24.971319465294865
1421;22.784701947238105;27.511520984785914
1422;30.81746356426393;20.436021352492094
1423;33.301276877610675;24.204448131575848
1424;34.128985477222884;26.922924381229475
1425;26.952934173134068;28.592180274065647
1426;32.28999469112734;20.885692880084605
1427;31.235786637376627;25.184285637450255
1428;39.55797379995768;37.01359057148783
1429;36.12352968181019;36.26786855439185
1430;24.205540491576137;24.415604821409413
1431;37.4162878193263;27.6029211923463
1432;33.15019696492488;24.63491839203213
1433;37.78129320334342;25.66464609163684
1434;39.01029484993787;24.904071702941025
1435;32.41023007470023;27.40586887254831
1436;24.29830144817524;28.123424657469897
1437;32.258460668786675;24.92099952265293
1438;28.140849569272508;24.60695746508752
1439;28.083754861263927;25.348118510131677
1440;24.361885976087503;27.409645655573943
1441;26.156172435717306;21.915694669526367
1442;33.21716973692174;23.869606392795706
1443;38.540325345064744;25.59772079946724
1444;29.031917712452536;26.873429885664756
1445;35.84144149927904;27.331695897988812
1446;21.86627507268009;22.6612191164143
1447;38.59747274987637;27.772187403077382
1448;23.613631746954038;25.996113460010132
1449;31.95714978743026;31.354830589337222
1450;35.6765369548298;26.330099905899505
1451;28.740565707019357;27.383099499018687
1452;29.396949333735677;22.95270527133237
1453;33.27414122268864;26.49995294855845
1454;36.93635155192309;27.898441452140172
1455;28.833943350122176;28.154938961405424
1456;34.484716080584946;21.35582177779777
1457;34.50050573009388;24.740875721968585
1458;24.932651714199906;28.561804083194204
1459;27.65860984326495;24.908808807701707
1460;24.596357761667136;27.007731499953675
1461;25.509135496032247;27.000053140508772
1462;23.817834008768237;28.781045370787623
1463;32.20436236702456;23.30229969240028
1464;32.1554167488322;26.158864942514764
1465;20.541961762075584;23.815607250791125
1466;27.1880013102211;23.47981165055946
1467;26.02957734073927;25.169598663879622
1468;27.85877471148227;24.987195233028782
1469;26.938405038112982;26.36223007055406
1470;38.008415122520546;25.139457712653794
1471;28.430989670442298;24.04398708393717
1472;25.910554631627974;25.08678384668201
1473;23.34214684751956;27.926583210053057
1474;27.543183756798197;24.080404404125897
1475;23.064138025895737;26.066293411343484
1476;31.205278650537;27.267058263875242
1477;34.12862726879264;25.227533001297854
1478;26.64184964281109;29.976997932910876
1479;21.976601229660996;23.729307574733806
1480;34.60457685358443;22.681955968543377
1481;31.95541247989838;24.55054844488373
1482;24.71536086526584;24.67781846334171
1483;26.931775763517297;27.470392159230162
1484;25.39076783924613;25.120436616784897
1485;31.77250229496214;24.012681231248653
1486;29.735930442721383;25.408268066282307
1487;24.716853135288495;25.342584490280746
1488;33.164252030811234;27.82486171221009
1489;32.75559984380743;22.558602406973595
1490;26.689637456035324;26.88260844739181
1491;30.536309232324783;27.152561783840607
1492;31.530780193495804;24.885538609299125
1493;21.751444898991558;25.551738615235198
1494;25.039761771342846;22.974211927282497
1495;33.02426372418356;27.150655427596515
1496;28.282628909342144;23.774565596863283
1497;27.645231027585364;24.493432937208066
1498;34.589360727187234;26.62836176064289
1499;37.32670939142405;25.407387282354744
1500;25.919428006276306;24.660397837516506
1501;28.408217433174325;21.134174223652895
1502;33.86571936493308;26.187942234504646
1503;35.789072896187704;24.459952831528813
1504;36.60569344197544;23.82152916507651
1505;27.197085975623647;26.583654862754546
1506;28.262199591881355;26.997283073252383
1507;26.808401606204278;23.7745454552938
1508;24.723514494218442;25.512606298420682
1509;24.321887582675284;24.391708999573822
1510;36.655569202519494;27.134085775716365
1511;28.481442636040356;23.94079260181422
1512;34.70252481316357;26.254853291308283
1513;25.106466302641255;24.96696441628768
1514;24.343036063587284;26.27902585222795
1515;25.20337228830191;25.514484481374062
1516;33.93254620224106;29.445725742949673
1517;23.678787974058128;24.100942167301113
1518;33.219733832011585;25.53747212674489
1519;37.25004209214311;25.95019816678762
1520;24.74446257436683;24.508491465986065
1521;35.7767769422906;25.25609672335817
1522;32.944254243949416;25.09030680019454
1523;29.110799473279837;24.1950793504516
1524;36.813987375051624;25.045259969269285
1525;37.16357693476115;32.254821676316894
1526;30.454436580711757;23.490264697021622
1527;29.067207836805643;28.900087748677027
1528;33.508603621411545;22.73435527733071
1529;32.09503290143948;24.3625197030113
1530;32.970172989331246;27.349425500872233
1531;24.388387752024585;26.220962531675358
1532;32.10194028181571;28.01611817849298
1533;29.70205310911407;25.63543115635973
1534;35.42664975592559;26.269773911760886
1535;33.83983880232538;28.544663669894284
1536;27.454139806865406;25.259203844069066
1537;38.35852165731027;26.588302186608566
1538;27.355840839731155;25.045315102937742
1539;30.230396297187408;25.932523289213126
1540;36.27192171270347;26.186125824096866
1541;34.94486124025432;31.147818763857142
1542;37.10565747002882;22.877730910341786
1543;22.870957814774698;23.900996176973237
1544;32.55378757830997;30.75152020307801
1545;27.35939095828722;29.988209236973674
1546;34.8151271574231;31.606532253270046
1547;37.520338839809;22.203639672208745
1548;30.043692506006614;25.774204213264685
1549;33.604031013344844;23.80243763324094
1550;32.17552507503225;26.632099926697123
1551;24.07814316873971;24.994334974194373
1552;24.99718702420417;24.653126513923795
1553;34.264024342955636;26.24453602867609
1554;37.102792808667836;28.4114604854382
1555;24.883394934367402;25.511377062453672
1556;36.1555892068539;24.154559805503055
1557;35.549122299920285;28.67916851368587
1558;25.763423265966285;28.349647391670434
1559;29.953168752402355;26.919506019228763
1560;26.587388464152887;26.212969947390146
1561;37.61745643467628;38.86898057993742
1562;36.99637809250532;29.363326830457602
1563;33.70873242029132;21.913350891201862
1564;36.8504789372754;27.870365603868365
1565;38.51601363541264;30.585371180013095
1566;21.462969748038702;24.781932596523237
1567;26.513489562368246;28.720737741555585
1568;25.637099680122027;24.454049923624613
1569;35.95716563526557;26.66574681068586
1570;34.209970818386196;36.96357346747378
1571;38.38475069396806;40.72837416270879
1572;38.109239342590904;34.77151673673379
1573;22.855268042445413;25.594830379601873
1574;23.168116213310054;22.993792654995783
1575;26.190970361764588;26.05304608194382
1576;36.94200593166009;33.56052500931756
1577;39.07096688588602;33.78099423190772
1578;30.896097874942065;23.33939890891695
1579;36.62224794058525;27.918293660525627
1580;35.89928741740046;22.028199192206525
1581;34.47508003424387;24.211614809200825
1582;33.67692455995866;27.02311947918768
1583;37.570460491202226;31.16297670297763
1584;32.99132095419271;22.73300437044896
1585;36.3022407597367;20.097793752599706
1586;37.432209810163975;22.015419741896956
1587;39.64376221401041;22.202237752957767
1588;24.933263597703196;27.74678739132205
1589;32.647895314829945;26.912244239512674
1590;32.44818695539957;28.340237347006813
1591;41.937559171330264;26.28726101655466
1592;37.12764759106171;27.833999836923752
1593;32.397491301706545;24.274291005036986
1594;30.88948202772224;28.241369675467475
1595;37.458527292356976;27.508626315939715
1596;34.95047161399471;24.826131084002213
1597;36.480131368426896;24.188016231858423
1598;37.80093813909083;35.007900389617
1599;34.94983319977257;24.503110959337825
1600;30.786375916172137;27.297854745226914
1601;29.3581169030016;25.96330933203897
1602;31.34587384088651;23.255196893956807
1603;40.611704515387906;35.25507732412045
1604;34.25156230322736;26.90668138554872
1605;40.942741524340256;21.32394007070292
1606;28.82526061737102;24.733536300288492
1607;31.71903775852769;26.216656330934107
1608;37.79975275450992;23.034919877880466
1609;34.44664304929572;25.206235694298307
1610;24.21049646450176;24.809384913127687
1611;33.729961819055745;28.890921445348944
1612;32.19279269662037;23.13099527173687
1613;26.814267560630412;23.506568878006963
1614;35.073161469332625;23.03589677775902
1615;36.49051236231235;27.078126675588898
1616;26.742450119235844;24.10516365036654
1617;37.70986224639832;27.87917711594513
1618;35.414142382785116;28.065947247897572
1619;36.39055355081658;22.82521039807934
1620;37.51948214261782;23.487614382735337
1621;27.253404865121954;27.472102801134163
1622;39.11169139127064;28.003392440057667
1623;37.60845655576488;24.55767156853267
1624;33.755157413817294;23.63139686688159
1625;33.85315886269522;25.484545537779564
1626;38.03708928474249;24.94510865208434
1627;39.14794524608299;26.281328009001033
1628;37.830594262996215;21.077028100400742
1629;34.4903405589171;25.4849166887533
1630;36.84502478737689;25.17043218384704
1631;35.40500348883516;27.31075949844745
1632;41.81707861577297;34.00304304890268
1633;36.3149293930639;30.12907417235791
1634;34.27107914639893;35.85021978232625
1635;37.24786983135335;37.25664862298562
1636;38.63789831592102;31.818707025509624
1637;34.77928458352759;37.79396236905718
1638;40.74356648170374;24.04088711753007
1639;35.14572432661018;35.07421192897884
1640;36.64550418319461;25.151773191108646
1641;39.81756340947864;37.547602048271294
1642;37.299041937804425;26.310071071924323
1643;23.046899872426323;28.512499910056395
1644;35.62872752973011;27.487356285213178
1645;38.22774517954979;25.24459787491542
1646;30.511820960218945;26.379937474298544
1647;37.518149156237115;27.377892318656883
1648;36.06424295226356;22.806562544159622
1649;37.33239716039744;33.72884928992799
1650;38.17529940882521;34.063775174355264
1651;38.558461268892295;26.78964033579385
1652;24.760546438796396;28.096026633351894
1653;39.73102997231421;25.73782113637452
1654;37.068193389985304;25.727758295008385
1655;36.065741461579194;28.845076131815972
1656;36.484670298347915;24.9021091419318
1657;37.583921331077605;26.02235644578446
1658;35.56877817805754;27.080367391688142
1659;36.561601536594814;26.323529037531202
1660;38.050278679796904;26.755801528133325
1661;36.6195607742352;26.164101621298304
1662;38.13033013815434;23.661485709062838
1663;37.54798724770483;36.29281873373154
1664;37.047982158897454;25.600627811485353
1665;37.42862656983162;22.871840869317182
1666;36.10611868481357;28.02882565534624
1667;36.458311403085744;23.18664720040328
1668;37.08935300466054;27.431825109439373
1669;34.91540304875843;22.225644055097977
1670;26.22488450576907;24.988278581517914
1671;32.99497547612138;27.694759061187774
1672;34.51340074438459;25.981296140993514
1673;31.091483173896574;24.79976820093564
1674;38.882029518519325;39.13255894056998
1675;41.22217488119285;41.70261435726479
1676;23.905224534634424;24.424774181140755
1677;38.18385182764991;39.26998140577996
1678;35.26183048424235;39.73731946111454
1679;36.41660378989349;19.75164447765193
1680;36.012188610462445;25.287197335365157
1681;31.13645747983292;26.355637493317285
1682;28.005138944118453;23.486526164204292
1683;34.264529280928386;24.02001593710548
1684;33.27882418221915;26.88138234612094
1685;35.70599278815625;26.508691413386348
1686;37.545105881797426;27.391819503146518
1687;36.89096444710317;26.785318557742045
1688;37.813209933962796;26.517951663588697
1689;33.739816611867745;27.063962581366585
1690;37.561901752532165;22.520147360356336
1691;33.44927051666913;26.136171288433662
1692;34.719986002569485;22.220155399824673
1693;37.104721940346124;28.467595123145877
1694;31.722593527563593;26.536271623564772
1695;36.10745719898029;24.862587959074116
1696;38.80905430521749;33.789874645908284
1697;37.11380498308124;36.57712917840888
1698;35.80222583705185;23.30418524989116
1699;36.40794011103079;25.31432307395806
1700;38.51967545707662;22.732497250574156
1701;39.568056676510466;25.948258768225962
1702;37.26428463682279;22.929240023324958
1703;36.16472509650661;24.22774722398912
1704;25.460385698239886;26.833725601862263
1705;35.33178601964199;23.760781312811286
1706;27.853876344335653;31.124409178618627
1707;27.539560725125977;19.246888541416276
1708;36.89501663065249;23.705195064245522
1709;26.786234869445114;24.585443363395992
1710;30.700766428381527;24.269882563624005
1711;38.08709729602553;28.58648536953729
1712;36.988354072242515;23.06990360421903
1713;36.23017876583582;25.829987662411785
1714;37.6487817388546;22.983344701579174
1715;35.034013628554014;24.591084827039285
1716;32.201395997779876;27.07567474584819
1717;39.3975991126633;22.314125640915353
1718;36.28224261648571;21.133518180218697
1719;37.86370377798479;30.177597597097716
1720;37.35422520982699;26.386141629639692
1721;35.437138071593616;25.656317539895618
1722;22.546737778533576;24.362866866654308
1723;25.961117543416375;24.434488096408906
1724;27.052685853417753;23.82992957668357
1725;37.57052569747357;27.116957583188782
1726;37.44831477180493;22.182998784530923
1727;33.19807417716579;27.881180663452653
1728;40.49162693023091;24.514297382617443
1729;36.183599615153206;25.45908031146355
1730;36.71047903204504;26.46342247975184
1731;35.5022735180443;26.127014431841104
1732;34.787736759582394;36.170895092217954
1733;34.155854924588766;27.54926029073337
1734;33.0890514724485;29.124262686157863
1735;34.09607700326919;24.893508032806903
1736;32.689032582153565;26.48108478828351
1737;38.35441577807984;22.28446521664973
1738;38.052058601045864;23.76920754217059
1739;37.68107884125124;24.744881751144664
1740;36.622997541875705;27.828233302288634
1741;36.80725587042416;38.83220063310453
1742;36.33514645453856;37.820573623530855
1743;33.121402956728126;24.56711348403899
1744;34.065736431619705;28.46756505728816
1745;33.183209539362124;26.113880791521073
1746;37.780422497488054;25.382241311168112
1747;35.15573942538428;23.845566995228655
1748;36.376138475181584;22.2252429903907
1749;37.197815631927845;23.266505148476245
1750;33.57094096268737;27.1967628786657
1751;35.431559980085545;27.046018691352447
1752;39.91624641688244;25.1088109881908
1753;36.29171256923223;29.315565284111372
1754;37.250178524642465;24.725758664072213
1755;34.35433607273695;27.59876524922304
1756;38.611049441698434;23.270773861208692
1757;41.08930959423492;24.35920575459013
1758;37.63978075221417;29.371668223313762
1759;40.69207215060046;25.96924672926229
1760;35.43390257985853;35.33861869931154
1761;35.7145654063787;30.032495735004456
1762;34.56353603572056;24.698499334752317
1763;39.2806606322813;28.317429384330968
1764;39.01711678135661;23.247755924362735
1765;33.107251311737215;20.435135865724984
1766;36.57407633682628;30.00111978550695
1767;37.738794726989305;26.968635620976894
1768;35.89508029552386;29.628361958400728
1769;41.18877184771622;34.2637183491425
1770;35.9101362075268;39.4879241042594
1771;40.14792149160942;26.991227099003872
1772;35.70407418948264;23.50205738976666
1773;38.12617919364526;25.845436031932866
1774;33.718874913678256;25.45116049683353
1775;38.42256095399216;27.511522024273997
1776;35.82838621028845;26.064463133688037
1777;34.1638145209948;22.32933671988159
1778;34.388059528772125;23.285887112757532
1779;37.504837191161016;33.7061159541608
1780;35.238538447722;23.626944720355592
1781;37.688528480767005;37.60624572852506
1782;37.686677354219;24.88385693481357
1783;36.211035664567895;25.461966850638095
1784;40.267425136548944;21.317524351739
1785;37.21283127271455;34.82270188859227
1786;39.671661516937625;23.90953085246853
1787;31.326158515960213;23.256075494881276
1788;33.6476006980992;28.297847201702726
1789;36.82286516858709;25.146830243653067
1790;39.67497425801399;27.4989311317326
1791;34.68735601356467;30.47063912447272
1792;33.44574504037896;26.057872273075343
1793;35.738778416051645;28.23221486774373
1794;22.653390896649515;26.43666103819377
1795;40.50814797780249;36.562924335140565
1796;34.86053470936006;35.87244784277285
1797;34.964150272215285;27.50350951621787
1798;39.108748012599015;25.98443091785829
1799;31.208404297682023;26.697982496761146
1800;21.81312746697194;25.30533680006903
1801;33.82442614032026;25.88501119233441
1802;38.63557834503458;21.864782312030094
1803;36.4607582201886;26.34863264163255
1804;35.61767250967522;25.296043846319904
1805;33.92928962111231;24.743187926730098
1806;34.813915618847886;22.127150203334864
1807;39.01363041413132;26.16070225424681
1808;33.94112137806304;24.33409505833362
1809;34.31517319521327;27.29531303793728
1810;33.362307927106116;26.038352188726094
1811;39.76131916878619;22.26567920302289
1812;37.15692489514632;26.324313133256737
1813;37.30822649879924;22.664140191420714
1814;37.02312122518004;23.391658952350543
1815;21.940269986897288;21.826047982150158
1816;38.600689856148605;27.747251625053654
1817;37.621543291102235;26.997588417121303
1818;35.09312391256812;21.79924557476902
1819;32.23799640615303;24.78869186746039
